{
  "3_0": {
    "zoom": 0.28139629847551384,
    "view_x": -121.0,
    "view_y": -718.0,
    "position": [
      -17238.960790013272,
      7659.396699204986
    ]
  },
  "8_0": {
    "zoom": 0.15746572804742498,
    "view_x": -221.0,
    "view_y": -669.0,
    "position": [
      0,
      0
    ]
  },
  "27_0": {
    "zoom": 0.20810603080876278,
    "view_x": 97.0,
    "view_y": -93.0,
    "position": [
      -811.9007694625799,
      4264.989681478112
    ]
  },
  "37_0": {
    "zoom": 0.06837292105678723,
    "view_x": 9.0,
    "view_y": -38.0,
    "position": [
      -628.90394816226,
      804.4120267191695
    ]
  },
  "15_0": {
    "zoom": 0.04006787970208353,
    "view_x": 9.0,
    "view_y": -38.0,
    "position": [
      0,
      0
    ]
  },
  "90_0": {
    "zoom": 0.41625857002938293,
    "view_x": 9.0,
    "view_y": -38.0,
    "position": [
      0,
      0
    ]
  },
  "59_0": {
    "zoom": 0.04298573884899363,
    "view_x": -347.0,
    "view_y": -426.0,
    "position": [
      -2791.6235294117632,
      -5234.294117647057
    ]
  },
  "24_0": {
    "zoom": 0.3830765961840741,
    "view_x": -109.0,
    "view_y": -260.0,
    "position": [
      0,
      0
    ]
  },
  "89_0": {
    "zoom": 0.8064516129032258,
    "view_x": -213.0,
    "view_y": -1133.0,
    "position": [
      0,
      0
    ]
  },
  "47_0": {
    "zoom": 0.11958009252956453,
    "view_x": -37.0,
    "view_y": -224.0,
    "position": [
      -58.538171797026706,
      577.0191219992631
    ]
  },
  "73_0": {
    "zoom": 0.2856182795698926,
    "view_x": -24.0,
    "view_y": -40.0,
    "position": [
      68.6292920696373,
      917.5373078462463
    ]
  },
  "51_0": {
    "zoom": 0.10933882171340366,
    "view_x": -272.0,
    "view_y": -332.0,
    "position": [
      0,
      0
    ]
  },
  "44_0": {
    "zoom": 0.273172723560637,
    "view_x": -24.0,
    "view_y": -40.0,
    "position": [
      0,
      0
    ]
  },
  "64_0": {
    "zoom": 0.1514297711290198,
    "view_x": -477.0,
    "view_y": -848.0,
    "position": [
      1122.2104699984336,
      113.75863568081006
    ]
  },
  "75_0": {
    "zoom": 0.16628309999434904,
    "view_x": -80.0,
    "view_y": -778.0,
    "position": [
      1512.663503362615,
      -176.16160397579415
    ]
  },
  "30_0": {
    "zoom": 0.11653413764738141,
    "view_x": 0.0,
    "view_y": 0.0,
    "position": [
      0,
      0
    ]
  },
  "34_0": {
    "zoom": 0.6027497244111265,
    "view_x": 0.0,
    "view_y": 0.0,
    "position": [
      0,
      0
    ]
  },
  "13_0": {
    "zoom": 1.0,
    "view_x": 0.0,
    "view_y": 0.0,
    "position": [
      0,
      0
    ]
  },
  "23_0": {
    "zoom": 1.0,
    "view_x": 0.0,
    "view_y": 0.0,
    "position": [
      0,
      0
    ]
  },
  "76_0": {
    "zoom": 0.2856182795698925,
    "view_x": 0.0,
    "view_y": 0.0,
    "position": [
      0,
      0
    ]
  },
  "39_0": {
    "zoom": 1.0,
    "view_x": 0.0,
    "view_y": 0.0,
    "position": [
      0,
      0
    ]
  },
  "81_0": {
    "zoom": 1.0,
    "view_x": 0.0,
    "view_y": 0.0,
    "position": [
      0,
      0
    ]
  },
  "28_0": {
    "zoom": 0.5295817501101935,
    "view_x": -48.0,
    "view_y": -291.0,
    "position": [
      94.41412962134022,
      43.4304996258165
    ]
  },
  "79_0": {
    "zoom": 0.19248188405797115,
    "view_x": 304.0,
    "view_y": -1174.0,
    "position": [
      576.6776470588237,
      -1491.0494117647102
    ]
  },
  "56_0": {
    "zoom": 0.13006444917642904,
    "view_x": -728.0,
    "view_y": -782.0,
    "position": [
      -263.517761430095,
      4398.7142512090895
    ]
  },
  "70_0": {
    "zoom": 0.10398381744053055,
    "view_x": -74.0,
    "view_y": -145.0,
    "position": [
      2519.3711359118356,
      2890.20542650428
    ]
  },
  "57_0": {
    "zoom": 0.07111419669199591,
    "view_x": -38.0,
    "view_y": -377.0,
    "position": [
      0,
      0
    ]
  },
  "32_0": {
    "zoom": 0.06803299232925775,
    "view_x": -13.0,
    "view_y": -162.0,
    "position": [
      1120.3235206679421,
      2607.6125802397073
    ]
  },
  "45_0": {
    "zoom": 0.07985004570458824,
    "view_x": -13.0,
    "view_y": -162.0,
    "position": [
      0,
      0
    ]
  }
}