{
  "3_0": {
    "zoom": 0.24959109297525456,
    "view_x": -221.0,
    "view_y": -756.0,
    "position": [
      -14668.525814258175,
      9327.219413090477
    ]
  },
  "8_0": {
    "zoom": 0.15746572804742498,
    "view_x": -221.0,
    "view_y": -669.0,
    "position": [
      0,
      0
    ]
  },
  "27_0": {
    "zoom": 0.20810603080876278,
    "view_x": 97.0,
    "view_y": -93.0,
    "position": [
      -811.9007694625799,
      4264.989681478112
    ]
  },
  "37_0": {
    "zoom": 0.06837292105678723,
    "view_x": 9.0,
    "view_y": -38.0,
    "position": [
      -628.90394816226,
      804.4120267191695
    ]
  },
  "15_0": {
    "zoom": 0.04006787970208353,
    "view_x": 9.0,
    "view_y": -38.0,
    "position": [
      0,
      0
    ]
  },
  "90_0": {
    "zoom": 0.41625857002938293,
    "view_x": 9.0,
    "view_y": -38.0,
    "position": [
      0,
      0
    ]
  },
  "59_0": {
    "zoom": 0.04298573884899363,
    "view_x": 9.0,
    "view_y": -38.0,
    "position": [
      0,
      0
    ]
  },
  "24_0": {
    "zoom": 0.48692740154247405,
    "view_x": -1942.0,
    "view_y": -1830.0,
    "position": [
      0,
      0
    ]
  },
  "89_0": {
    "zoom": 0.8064516129032258,
    "view_x": -213.0,
    "view_y": -1133.0,
    "position": [
      0,
      0
    ]
  },
  "47_0": {
    "zoom": 0.11958009252956453,
    "view_x": -37.0,
    "view_y": -224.0,
    "position": [
      -58.538171797026706,
      577.0191219992631
    ]
  },
  "73_0": {
    "zoom": 0.2856182795698926,
    "view_x": -24.0,
    "view_y": -40.0,
    "position": [
      68.6292920696373,
      917.5373078462463
    ]
  },
  "51_0": {
    "zoom": 0.10933882171340366,
    "view_x": -272.0,
    "view_y": -332.0,
    "position": [
      0,
      0
    ]
  },
  "44_0": {
    "zoom": 0.273172723560637,
    "view_x": -24.0,
    "view_y": -40.0,
    "position": [
      0,
      0
    ]
  },
  "64_0": {
    "zoom": 0.192481884057971,
    "view_x": -466.0,
    "view_y": -559.0,
    "position": [
      1433.9011764705863,
      1646.9082352941173
    ]
  }
}